steam_appid,pc_requirements,mac_requirements,linux_requirements,minimum,recommended
440,"{'minimum': '<strong>Minimum:</strong><br><ul class=""bb_ul""><li><strong>OS *:</strong> Windows® 7 (32/64-bit)/Vista/XP<br></li><li><strong>Processor:</strong> 1.7 GHz Processor or better<br></li><li><strong>Memory:</strong> 512 MB RAM<br></li><li><strong>DirectX:</strong> Version 8.1<br></li><li><strong>Network:</strong> Broadband Internet connection<br></li><li><strong>Storage:</strong> 15 GB available space</li></ul>', 'recommended': '<strong>Recommended:</strong><br><ul class=""bb_ul""><li><strong>OS *:</strong> Windows® 7 (32/64-bit)<br></li><li><strong>Processor:</strong> Pentium 4 processor (3.0GHz, or better)<br></li><li><strong>Memory:</strong> 1 GB RAM<br></li><li><strong>DirectX:</strong> Version 9.0c<br></li><li><strong>Network:</strong> Broadband Internet connection<br></li><li><strong>Storage:</strong> 15 GB available space</li></ul>'}","{'minimum': '<strong>Minimum:</strong><br><ul class=""bb_ul""><li><strong>OS:</strong> OS X version Leopard 10.5.8 and above<br></li><li><strong>Processor:</strong> 1.7 GHz Processor or better<br></li><li><strong>Memory:</strong> 1 GB RAM<br></li><li><strong>Graphics:</strong> NVIDIA GeForce 8 or higher, ATI X1600 or higher, Intel HD 3000 or higher<br></li><li><strong>Network:</strong> Broadband Internet connection<br></li><li><strong>Storage:</strong> 15 GB available space</li></ul>'}","{'minimum': '<strong>Minimum:</strong><br><ul class=""bb_ul""><li><strong>OS:</strong> Ubuntu 12.04<br></li><li><strong>Processor:</strong> Dual core from Intel or AMD at 2.8 GHz<br></li><li><strong>Memory:</strong> 1 GB RAM<br></li><li><strong>Graphics:</strong> nVidia GeForce 8600/9600GT, ATI/AMD Radeon HD2600/3600 (Graphic Drivers: nVidia 310, AMD 12.11), OpenGL 2.1<br></li><li><strong>Network:</strong> Broadband Internet connection<br></li><li><strong>Storage:</strong> 15 GB available space<br></li><li><strong>Sound Card:</strong> OpenAL Compatible Sound Card</li></ul>'}","<strong></strong><br><ul class=""bb_ul""><li><strong>OS *:</strong> Windows® 7 (32/64-bit)/Vista/XP<br></li><li><strong>Processor:</strong> 1.7 GHz Processor or better<br></li><li><strong>Memory:</strong> 512 MB RAM<br></li><li><strong>DirectX:</strong> Version 8.1<br></li><li><strong>Network:</strong> Broadband Internet connection<br></li><li><strong>Storage:</strong> 15 GB available space</li></ul>","<strong></strong><br><ul class=""bb_ul""><li><strong>OS *:</strong> Windows® 7 (32/64-bit)<br></li><li><strong>Processor:</strong> Pentium 4 processor (3.0GHz, or better)<br></li><li><strong>Memory:</strong> 1 GB RAM<br></li><li><strong>DirectX:</strong> Version 9.0c<br></li><li><strong>Network:</strong> Broadband Internet connection<br></li><li><strong>Storage:</strong> 15 GB available space</li></ul>"
730,"{'minimum': '<strong>Minimum:</strong><br><ul class=""bb_ul""><li><strong>OS:</strong> Windows® 10<br></li><li><strong>Processor:</strong> 4 hardware CPU threads - Intel® Core™ i5 750 or higher<br></li><li><strong>Memory:</strong> 8 GB RAM<br></li><li><strong>Graphics:</strong> Video card must be 1 GB or more and should be a DirectX 11-compatible with support for Shader Model 5.0<br></li><li><strong>DirectX:</strong> Version 11<br></li><li><strong>Storage:</strong> 85 GB available space</li></ul>'}","{'minimum': '<strong>Minimum:</strong><br><ul class=""bb_ul""><li><strong>OS:</strong> MacOS X 10.11 (El Capitan) or later<br></li><li><strong>Processor:</strong> Intel Core Duo Processor (2GHz or better)<br></li><li><strong>Memory:</strong> 2 GB RAM<br></li><li><strong>Graphics:</strong> ATI Radeon HD 2400 or better / NVIDIA 8600M or better<br></li><li><strong>Storage:</strong> 15 GB available space</li></ul>'}","{'minimum': '<strong>Minimum:</strong><br><ul class=""bb_ul""><li><strong>OS:</strong> Ubuntu 20.04<br></li><li><strong>Processor:</strong> 4 hardware CPU threads - Intel® Core™ i5 750 or higher<br></li><li><strong>Memory:</strong> 8 GB RAM<br></li><li><strong>Graphics:</strong> AMD GCN+ or NVIDIA Kepler+ with up-to-date Vulkan drivers.  Support for VK_EXT_graphics_pipeline_library highly recommended.<br></li><li><strong>Storage:</strong> 85 GB available space<br></li><li><strong>Sound Card:</strong> Highly recommended</li></ul>'}","<strong></strong><br><ul class=""bb_ul""><li><strong>OS:</strong> Windows® 10<br></li><li><strong>Processor:</strong> 4 hardware CPU threads - Intel® Core™ i5 750 or higher<br></li><li><strong>Memory:</strong> 8 GB RAM<br></li><li><strong>Graphics:</strong> Video card must be 1 GB or more and should be a DirectX 11-compatible with support for Shader Model 5.0<br></li><li><strong>DirectX:</strong> Version 11<br></li><li><strong>Storage:</strong> 85 GB available space</li></ul>",
203290,"{'minimum': '<strong>Minimum:</strong><br><ul class=""bb_ul""><li><strong>OS *:</strong> Windows Vista<br></li><li><strong>Processor:</strong> 2.4+ GHz Quad Core CPU<br></li><li><strong>Memory:</strong> 4096 MB RAM<br></li><li><strong>Graphics:</strong> Direct X 9.0c compliant, Shader 3.0 enabled video card with 512MB RAM<br></li><li><strong>DirectX:</strong> Version 9.0c<br></li><li><strong>Network:</strong> Broadband Internet connection<br></li><li><strong>Storage:</strong> 10000 MB available space<br></li><li><strong>Sound Card:</strong> Direct X 9.0c compliant sound card<br></li><li><strong>Additional Notes:</strong> Requires Internet Explorer 9 or later and the latest Windows Media Player</li></ul>', 'recommended': '<strong>Recommended:</strong><br><ul class=""bb_ul""><li><strong>OS *:</strong> Microsoft Windows 7 or higher<br></li><li><strong>Processor:</strong> 3.3+GHz Core i5 CPU<br></li><li><strong>Memory:</strong> 8192 MB RAM<br></li><li><strong>Graphics:</strong> Direct X 9.0c compliant, Shader 3.0 enabled video card with 1GB RAM<br></li><li><strong>DirectX:</strong> Version 9.0c<br></li><li><strong>Network:</strong> Broadband Internet connection<br></li><li><strong>Storage:</strong> 10000 MB available space<br></li><li><strong>Sound Card:</strong> Direct X 9.0c compliant sound card<br></li><li><strong>Additional Notes:</strong> Requires Internet Explorer 9 or later and the latest Windows Media Player</li></ul>'}",[],[],"<strong></strong><br><ul class=""bb_ul""><li><strong>OS *:</strong> Windows Vista<br></li><li><strong>Processor:</strong> 2.4+ GHz Quad Core CPU<br></li><li><strong>Memory:</strong> 4096 MB RAM<br></li><li><strong>Graphics:</strong> Direct X 9.0c compliant, Shader 3.0 enabled video card with 512MB RAM<br></li><li><strong>DirectX:</strong> Version 9.0c<br></li><li><strong>Network:</strong> Broadband Internet connection<br></li><li><strong>Storage:</strong> 10000 MB available space<br></li><li><strong>Sound Card:</strong> Direct X 9.0c compliant sound card<br></li><li><strong>Additional Notes:</strong> Requires Internet Explorer 9 or later and the latest Windows Media Player</li></ul>","<strong></strong><br><ul class=""bb_ul""><li><strong>OS *:</strong> Microsoft Windows 7 or higher<br></li><li><strong>Processor:</strong> 3.3+GHz Core i5 CPU<br></li><li><strong>Memory:</strong> 8192 MB RAM<br></li><li><strong>Graphics:</strong> Direct X 9.0c compliant, Shader 3.0 enabled video card with 1GB RAM<br></li><li><strong>DirectX:</strong> Version 9.0c<br></li><li><strong>Network:</strong> Broadband Internet connection<br></li><li><strong>Storage:</strong> 10000 MB available space<br></li><li><strong>Sound Card:</strong> Direct X 9.0c compliant sound card<br></li><li><strong>Additional Notes:</strong> Requires Internet Explorer 9 or later and the latest Windows Media Player</li></ul>"
298110,"{'minimum': '<strong>Minimum:</strong><br><ul class=""bb_ul""><li><strong>OS:</strong> Windows 10 (64-bit)<br></li><li><strong>Processor:</strong> 2.6 GHz Intel® Core™ i5-750 or 3.2 GHz AMD Phenom™ II X4 955<br></li><li><strong>Memory:</strong> 4 GB RAM<br></li><li><strong>Graphics:</strong> NVIDIA GeForce GTX 460 or AMD Radeon HD5850 (1 GB VRAM)<br></li><li><strong>DirectX:</strong> Version 11<br></li><li><strong>Network:</strong> Broadband Internet connection<br></li><li><strong>Storage:</strong> 30 GB available space<br></li><li><strong>Sound Card:</strong> DirectX-compatible (5.1 surround sound recommended)<br></li><li><strong>Additional Notes:</strong> Windows-compatible keyboard, mouse, optional controller (Xbox 360 Controller for Windows recommended)</li></ul>', 'recommended': '<strong>Recommended:</strong><br><ul class=""bb_ul""><li><strong>OS:</strong> Windows 10 (64-bit)<br></li><li><strong>Processor:</strong> 2.5 GHz Intel® Core™ i5-2400S or 4.0 GHz AMD FX-8350 or better<br></li><li><strong>Memory:</strong> 8 GB RAM<br></li><li><strong>Graphics:</strong> NVIDIA GeForce GTX 680 or AMD Radeon R9 290X or better (2 GB VRAM)<br></li><li><strong>DirectX:</strong> Version 11<br></li><li><strong>Network:</strong> Broadband Internet connection<br></li><li><strong>Storage:</strong> 30 GB available space<br></li><li><strong>Sound Card:</strong> DirectX-compatible (5.1 surround sound recommended)<br></li><li><strong>Additional Notes:</strong> Supported video cards at the time of release: NVIDIA GeForce GTX 460 or better, GeForce GTX 700 series; AMD Radeon HD5850 or better, Radeon R9 series. Note: Laptop versions of these cards may work but are NOT officially supported.</li></ul>'}",[],[],"<strong></strong><br><ul class=""bb_ul""><li><strong>OS:</strong> Windows 10 (64-bit)<br></li><li><strong>Processor:</strong> 2.6 GHz Intel® Core™ i5-750 or 3.2 GHz AMD Phenom™ II X4 955<br></li><li><strong>Memory:</strong> 4 GB RAM<br></li><li><strong>Graphics:</strong> NVIDIA GeForce GTX 460 or AMD Radeon HD5850 (1 GB VRAM)<br></li><li><strong>DirectX:</strong> Version 11<br></li><li><strong>Network:</strong> Broadband Internet connection<br></li><li><strong>Storage:</strong> 30 GB available space<br></li><li><strong>Sound Card:</strong> DirectX-compatible (5.1 surround sound recommended)<br></li><li><strong>Additional Notes:</strong> Windows-compatible keyboard, mouse, optional controller (Xbox 360 Controller for Windows recommended)</li></ul>","<strong></strong><br><ul class=""bb_ul""><li><strong>OS:</strong> Windows 10 (64-bit)<br></li><li><strong>Processor:</strong> 2.5 GHz Intel® Core™ i5-2400S or 4.0 GHz AMD FX-8350 or better<br></li><li><strong>Memory:</strong> 8 GB RAM<br></li><li><strong>Graphics:</strong> NVIDIA GeForce GTX 680 or AMD Radeon R9 290X or better (2 GB VRAM)<br></li><li><strong>DirectX:</strong> Version 11<br></li><li><strong>Network:</strong> Broadband Internet connection<br></li><li><strong>Storage:</strong> 30 GB available space<br></li><li><strong>Sound Card:</strong> DirectX-compatible (5.1 surround sound recommended)<br></li><li><strong>Additional Notes:</strong> Supported video cards at the time of release: NVIDIA GeForce GTX 460 or better, GeForce GTX 700 series; AMD Radeon HD5850 or better, Radeon R9 series. Note: Laptop versions of these cards may work but are NOT officially supported.</li></ul>"
333930,"{'minimum': '<strong>Minimum:</strong><br><ul class=""bb_ul""><li><strong>OS *:</strong> Windows 7 (64-bit)<br></li><li><strong>Processor:</strong> 2.33 GHz Dual Core<br></li><li><strong>Memory:</strong> 3 GB RAM<br></li><li><strong>Graphics:</strong> 512MB - GeForce 7800GTX<br></li><li><strong>DirectX:</strong> Version 9.0<br></li><li><strong>Network:</strong> Broadband Internet connection<br></li><li><strong>Storage:</strong> 7 GB available space<br></li><li><strong>Sound Card:</strong> Generic Sound Card</li></ul>', 'recommended': '<strong>Recommended:</strong><br><ul class=""bb_ul""><li><strong>OS *:</strong> Windows 7 (64-bit) or better<br></li><li><strong>Processor:</strong> 2.0 GHz Quad Core or better<br></li><li><strong>Memory:</strong> 4 GB RAM<br></li><li><strong>Graphics:</strong> 2GB - GeForce 710 or better<br></li><li><strong>DirectX:</strong> Version 9.0<br></li><li><strong>Network:</strong> Broadband Internet connection<br></li><li><strong>Storage:</strong> 7 GB available space<br></li><li><strong>Sound Card:</strong> Generic Sound Card</li></ul>'}",[],[],"<strong></strong><br><ul class=""bb_ul""><li><strong>OS *:</strong> Windows 7 (64-bit)<br></li><li><strong>Processor:</strong> 2.33 GHz Dual Core<br></li><li><strong>Memory:</strong> 3 GB RAM<br></li><li><strong>Graphics:</strong> 512MB - GeForce 7800GTX<br></li><li><strong>DirectX:</strong> Version 9.0<br></li><li><strong>Network:</strong> Broadband Internet connection<br></li><li><strong>Storage:</strong> 7 GB available space<br></li><li><strong>Sound Card:</strong> Generic Sound Card</li></ul>","<strong></strong><br><ul class=""bb_ul""><li><strong>OS *:</strong> Windows 7 (64-bit) or better<br></li><li><strong>Processor:</strong> 2.0 GHz Quad Core or better<br></li><li><strong>Memory:</strong> 4 GB RAM<br></li><li><strong>Graphics:</strong> 2GB - GeForce 710 or better<br></li><li><strong>DirectX:</strong> Version 9.0<br></li><li><strong>Network:</strong> Broadband Internet connection<br></li><li><strong>Storage:</strong> 7 GB available space<br></li><li><strong>Sound Card:</strong> Generic Sound Card</li></ul>"
431960,"{'minimum': '<strong>Minimum:</strong><br><ul class=""bb_ul""><li><strong>OS *:</strong> Windows 7 (with Aero), 8.1, 10, 11<br></li><li><strong>Processor:</strong> 1.66 GHz Intel i5 or equivalent<br></li><li><strong>Memory:</strong> 1024 MB RAM<br></li><li><strong>Graphics:</strong> HD Graphics 4000 or above<br></li><li><strong>DirectX:</strong> Version 10<br></li><li><strong>Storage:</strong> 512 MB available space<br></li><li><strong>Additional Notes:</strong> Windows N versions require the \'Media Feature Pack\' from Microsoft. Aero must be enabled on Windows 7. Max video resolutions: Windows 8, 10: 4K, Windows 7: 1080p</li></ul>', 'recommended': '<strong>Recommended:</strong><br><ul class=""bb_ul""><li><strong>OS:</strong> Windows 10, Windows 11<br></li><li><strong>Processor:</strong> 2.0 GHz Intel i7 or equivalent<br></li><li><strong>Memory:</strong> 2048 MB RAM<br></li><li><strong>Graphics:</strong> NVIDIA GeForce GTX 660, AMD HD7870, 2 GB VRAM or above<br></li><li><strong>DirectX:</strong> Version 11<br></li><li><strong>Storage:</strong> 1024 MB available space<br></li><li><strong>Additional Notes:</strong> Mobile App requires Android 8.1 or newer</li></ul>'}",[],[],"<strong></strong><br><ul class=""bb_ul""><li><strong>OS *:</strong> Windows 7 (with Aero), 8.1, 10, 11<br></li><li><strong>Processor:</strong> 1.66 GHz Intel i5 or equivalent<br></li><li><strong>Memory:</strong> 1024 MB RAM<br></li><li><strong>Graphics:</strong> HD Graphics 4000 or above<br></li><li><strong>DirectX:</strong> Version 10<br></li><li><strong>Storage:</strong> 512 MB available space<br></li><li><strong>Additional Notes:</strong> Windows N versions require the 'Media Feature Pack' from Microsoft. Aero must be enabled on Windows 7. Max video resolutions: Windows 8, 10: 4K, Windows 7: 1080p</li></ul>","<strong></strong><br><ul class=""bb_ul""><li><strong>OS:</strong> Windows 10, Windows 11<br></li><li><strong>Processor:</strong> 2.0 GHz Intel i7 or equivalent<br></li><li><strong>Memory:</strong> 2048 MB RAM<br></li><li><strong>Graphics:</strong> NVIDIA GeForce GTX 660, AMD HD7870, 2 GB VRAM or above<br></li><li><strong>DirectX:</strong> Version 11<br></li><li><strong>Storage:</strong> 1024 MB available space<br></li><li><strong>Additional Notes:</strong> Mobile App requires Android 8.1 or newer</li></ul>"
1520470,"{'minimum': '<strong>Minimum:</strong><br><ul class=""bb_ul""><li>Requires a 64-bit processor and operating system<br></li><li><strong>OS *:</strong> Windows 7, Windows 8.1,Windows10<br></li><li><strong>Processor:</strong> Intel I5 8400 /AMD Ryzen5 1500X<br></li><li><strong>Memory:</strong> 6 GB RAM<br></li><li><strong>Graphics:</strong> NVDIA GTX 970/ AMD RX 560<br></li><li><strong>DirectX:</strong> Version 11<br></li><li><strong>Network:</strong> Broadband Internet connection<br></li><li><strong>Storage:</strong> 15 GB available space</li></ul>', 'recommended': '<strong>Recommended:</strong><br><ul class=""bb_ul""><li>Requires a 64-bit processor and operating system<br></li><li><strong>OS *:</strong> Windows 7, Windows 8.1,Windows10<br></li><li><strong>Processor:</strong> Intel I7 8700 /AMD Ryzen5 2600<br></li><li><strong>Memory:</strong> 8 GB RAM<br></li><li><strong>Graphics:</strong> NVDIA GTX 2060  / AMD RX 5600XT<br></li><li><strong>DirectX:</strong> Version 11<br></li><li><strong>Network:</strong> Broadband Internet connection<br></li><li><strong>Storage:</strong> 15 GB available space</li></ul>'}","{'minimum': '<strong>Minimum:</strong><br><ul class=""bb_ul""></ul>', 'recommended': '<strong>Recommended:</strong><br><ul class=""bb_ul""></ul>'}","{'minimum': '<strong>Minimum:</strong><br><ul class=""bb_ul""></ul>', 'recommended': '<strong>Recommended:</strong><br><ul class=""bb_ul""></ul>'}","<strong></strong><br><ul class=""bb_ul""><li>Requires a 64-bit processor and operating system<br></li><li><strong>OS *:</strong> Windows 7, Windows 8.1,Windows10<br></li><li><strong>Processor:</strong> Intel I5 8400 /AMD Ryzen5 1500X<br></li><li><strong>Memory:</strong> 6 GB RAM<br></li><li><strong>Graphics:</strong> NVDIA GTX 970/ AMD RX 560<br></li><li><strong>DirectX:</strong> Version 11<br></li><li><strong>Network:</strong> Broadband Internet connection<br></li><li><strong>Storage:</strong> 15 GB available space</li></ul>","<strong></strong><br><ul class=""bb_ul""><li>Requires a 64-bit processor and operating system<br></li><li><strong>OS *:</strong> Windows 7, Windows 8.1,Windows10<br></li><li><strong>Processor:</strong> Intel I7 8700 /AMD Ryzen5 2600<br></li><li><strong>Memory:</strong> 8 GB RAM<br></li><li><strong>Graphics:</strong> NVDIA GTX 2060  / AMD RX 5600XT<br></li><li><strong>DirectX:</strong> Version 11<br></li><li><strong>Network:</strong> Broadband Internet connection<br></li><li><strong>Storage:</strong> 15 GB available space</li></ul>"
31270,"{'minimum': '<strong>Minimum:</strong><br>\t\t\t\t\t<ul class=""bb_ul""><li><strong>OS *:</strong> Windows XP / Vista / Windows 7<br>\t\t\t\t\t\t</li><li><strong>Processor:</strong> 2.0 GHz +<br>\t\t\t\t\t\t</li><li><strong>Memory:</strong> 512MB<br>\t\t\t\t\t\t</li><li><strong>Graphics:</strong> 64MB DirectX 8.1-compliant video card<br>\t\t\t\t\t\t</li><li><strong>DirectX®:</strong> DirectX 8.1 or greater<br>\t\t\t\t\t\t</li><li><strong>Hard Drive:</strong> 220MB<br>\t\t\t\t\t\t</li><li><strong>Sound:</strong> DirectX 8.1 or greater sound device<br>\t\t\t\t\t</li></ul>', 'recommended': '<strong>Recommended:</strong><br>\t\t\t\t\t<ul class=""bb_ul""><li><strong>OS *:</strong> Windows XP / Vista / Windows 7<br>\t\t\t\t\t\t</li><li><strong>Processor:</strong> 3 GHz Pentium 4 or greater<br>\t\t\t\t\t\t</li><li><strong>Memory:</strong> 1GB<br>\t\t\t\t\t\t</li><li><strong>Graphics:</strong> 128MB DirectX 8.1-compliant video card<br>\t\t\t\t\t\t</li><li><strong>DirectX®:</strong> DirectX 8.1 or greater<br>\t\t\t\t\t\t</li><li><strong>Hard Drive:</strong> 220MB<br>\t\t\t\t\t\t</li><li><strong>Sound:</strong> DirectX 8.1 or greater sound device<br>\t\t\t\t\t</li></ul>'}","{'minimum': '<ul class=""bb_ul""><li><strong>OS:</strong> Mac OS X 10.5 or newer<br>\t\t\t\t\t\t</li><li><strong>Processor:</strong> Intel Core 2 Duo processor<br>\t\t\t\t\t\t</li><li><strong>Other:</strong> Not recommended for: Macs with integrated graphics<br>\t\t\t\t\t</li></ul>'}",[],"<strong></strong><br>					<ul class=""bb_ul""><li><strong>OS *:</strong> Windows XP / Vista / Windows 7<br>						</li><li><strong>Processor:</strong> 2.0 GHz +<br>						</li><li><strong>Memory:</strong> 512MB<br>						</li><li><strong>Graphics:</strong> 64MB DirectX 8.1-compliant video card<br>						</li><li><strong>DirectX®:</strong> DirectX 8.1 or greater<br>						</li><li><strong>Hard Drive:</strong> 220MB<br>						</li><li><strong>Sound:</strong> DirectX 8.1 or greater sound device<br>					</li></ul>","<strong></strong><br>					<ul class=""bb_ul""><li><strong>OS *:</strong> Windows XP / Vista / Windows 7<br>						</li><li><strong>Processor:</strong> 3 GHz Pentium 4 or greater<br>						</li><li><strong>Memory:</strong> 1GB<br>						</li><li><strong>Graphics:</strong> 128MB DirectX 8.1-compliant video card<br>						</li><li><strong>DirectX®:</strong> DirectX 8.1 or greater<br>						</li><li><strong>Hard Drive:</strong> 220MB<br>						</li><li><strong>Sound:</strong> DirectX 8.1 or greater sound device<br>					</li></ul>"
420530,"{'minimum': '<strong>Minimum:</strong><br><ul class=""bb_ul""><li><strong>OS *:</strong> Windows Vista or later<br></li><li><strong>Memory:</strong> 4 GB RAM<br></li><li><strong>Graphics:</strong> OpenGL 2.1 compatible</li></ul>', 'recommended': '<strong>Recommended:</strong><br><ul class=""bb_ul""><li><strong>OS:</strong> <br></li><li><strong>Memory:</strong> 4 GB RAM<br></li><li><strong>Graphics:</strong> </li></ul>'}","{'minimum': '<strong>Minimum:</strong><br><ul class=""bb_ul""><li><strong>OS:</strong> macOS Sierra (10.12) or later<br></li><li><strong>Memory:</strong> 4 GB RAM<br></li><li><strong>Graphics:</strong> OpenGL 2.1 compatible</li></ul>', 'recommended': '<strong>Recommended:</strong><br><ul class=""bb_ul""><li><strong>OS:</strong> <br></li><li><strong>Memory:</strong> 4 GB RAM<br></li><li><strong>Graphics:</strong> </li></ul>'}","{'minimum': '<strong>Minimum:</strong><br><ul class=""bb_ul""><li><strong>OS:</strong> Your favorite Linux distribution<br></li><li><strong>Memory:</strong> 4 GB RAM<br></li><li><strong>Graphics:</strong> OpenGL 2.1 compatible</li></ul>', 'recommended': '<strong>Recommended:</strong><br><ul class=""bb_ul""><li><strong>OS:</strong> <br></li><li><strong>Memory:</strong> 4 GB RAM<br></li><li><strong>Graphics:</strong> </li></ul>'}","<strong></strong><br><ul class=""bb_ul""><li><strong>OS *:</strong> Windows Vista or later<br></li><li><strong>Memory:</strong> 4 GB RAM<br></li><li><strong>Graphics:</strong> OpenGL 2.1 compatible</li></ul>","<strong></strong><br><ul class=""bb_ul""><li><strong>OS:</strong> <br></li><li><strong>Memory:</strong> 4 GB RAM<br></li><li><strong>Graphics:</strong> </li></ul>"
916440,"{'minimum': '<strong>Minimum:</strong><br><ul class=""bb_ul""><li>Requires a 64-bit processor and operating system<br></li><li><strong>OS:</strong> Windows 10(64-bit versions only)<br></li><li><strong>Processor:</strong> Intel i5 3470, AMD FX 6350<br></li><li><strong>Memory:</strong> 8 GB RAM<br></li><li><strong>Graphics:</strong> NVIDIA GeForce 670 GTX or AMD Radeon R9 285 (2 GB of VRAM, Shader Model 5.0)<br></li><li><strong>DirectX:</strong> Version 11<br></li><li><strong>Storage:</strong> 60 GB available space</li></ul>', 'recommended': '<strong>Recommended:</strong><br><ul class=""bb_ul""><li>Requires a 64-bit processor and operating system<br></li><li><strong>OS:</strong> Windows 10(64-bit versions only)<br></li><li><strong>Processor:</strong> Intel i5 4690k, AMD Ryzen 5 1400<br></li><li><strong>Memory:</strong> 8 GB RAM<br></li><li><strong>Graphics:</strong> NVIDIA GeForce 970 GTX or AMD Radeon RX 480 (4 GB of VRAM, Shader Model 5.1)<br></li><li><strong>DirectX:</strong> Version 12<br></li><li><strong>Storage:</strong> 60 GB available space</li></ul>'}","{'minimum': '<strong>Minimum:</strong><br><ul class=""bb_ul""></ul>', 'recommended': '<strong>Recommended:</strong><br><ul class=""bb_ul""></ul>'}","{'minimum': '<strong>Minimum:</strong><br><ul class=""bb_ul""></ul>', 'recommended': '<strong>Recommended:</strong><br><ul class=""bb_ul""></ul>'}","<strong></strong><br><ul class=""bb_ul""><li>Requires a 64-bit processor and operating system<br></li><li><strong>OS:</strong> Windows 10(64-bit versions only)<br></li><li><strong>Processor:</strong> Intel i5 3470, AMD FX 6350<br></li><li><strong>Memory:</strong> 8 GB RAM<br></li><li><strong>Graphics:</strong> NVIDIA GeForce 670 GTX or AMD Radeon R9 285 (2 GB of VRAM, Shader Model 5.0)<br></li><li><strong>DirectX:</strong> Version 11<br></li><li><strong>Storage:</strong> 60 GB available space</li></ul>","<strong></strong><br><ul class=""bb_ul""><li>Requires a 64-bit processor and operating system<br></li><li><strong>OS:</strong> Windows 10(64-bit versions only)<br></li><li><strong>Processor:</strong> Intel i5 4690k, AMD Ryzen 5 1400<br></li><li><strong>Memory:</strong> 8 GB RAM<br></li><li><strong>Graphics:</strong> NVIDIA GeForce 970 GTX or AMD Radeon RX 480 (4 GB of VRAM, Shader Model 5.1)<br></li><li><strong>DirectX:</strong> Version 12<br></li><li><strong>Storage:</strong> 60 GB available space</li></ul>"
1097430,"{'minimum': '<strong>Minimum:</strong><br><ul class=""bb_ul""><li><strong>OS *:</strong> Windows 7, Windows 8, Windows 10<br></li><li><strong>Processor:</strong> Intel Core-i3 or faster processor<br></li><li><strong>Memory:</strong> 4 GB RAM<br></li><li><strong>Graphics:</strong> any type<br></li><li><strong>DirectX:</strong> Version 9.0<br></li><li><strong>Storage:</strong> 400 MB available space<br></li><li><strong>Sound Card:</strong> any type</li></ul>', 'recommended': '<strong>Recommended:</strong><br><ul class=""bb_ul""><li><strong>OS *:</strong> Windows 7, Windows 8, Windows 10<br></li><li><strong>Processor:</strong> Intel Core-i5 or faster processor<br></li><li><strong>Memory:</strong> 8 GB RAM<br></li><li><strong>Graphics:</strong> any type<br></li><li><strong>DirectX:</strong> Version 9.0<br></li><li><strong>Storage:</strong> 1 GB available space<br></li><li><strong>Sound Card:</strong> any type</li></ul>'}",[],[],"<strong></strong><br><ul class=""bb_ul""><li><strong>OS *:</strong> Windows 7, Windows 8, Windows 10<br></li><li><strong>Processor:</strong> Intel Core-i3 or faster processor<br></li><li><strong>Memory:</strong> 4 GB RAM<br></li><li><strong>Graphics:</strong> any type<br></li><li><strong>DirectX:</strong> Version 9.0<br></li><li><strong>Storage:</strong> 400 MB available space<br></li><li><strong>Sound Card:</strong> any type</li></ul>","<strong></strong><br><ul class=""bb_ul""><li><strong>OS *:</strong> Windows 7, Windows 8, Windows 10<br></li><li><strong>Processor:</strong> Intel Core-i5 or faster processor<br></li><li><strong>Memory:</strong> 8 GB RAM<br></li><li><strong>Graphics:</strong> any type<br></li><li><strong>DirectX:</strong> Version 9.0<br></li><li><strong>Storage:</strong> 1 GB available space<br></li><li><strong>Sound Card:</strong> any type</li></ul>"
1118310,"{'minimum': '<strong>Minimum:</strong><br><ul class=""bb_ul""><li><strong>OS *:</strong> Microsoft Windows 7<br></li><li><strong>Processor:</strong> Intel Pentium 4 and up (CPU with SSE2 instructions required)<br></li><li><strong>Memory:</strong> 32 MB RAM<br></li><li><strong>Graphics:</strong> Any compliant OpenGL 2.x or Direct3D11 GPU. For shaders to work properly, should support at least Shader Model 2.0.<br></li><li><strong>DirectX:</strong> Version 11<br></li><li><strong>Additional Notes:</strong> For OpenGL: Intel HD 2K/3K GPUs on Windows 10 will have to fall back to an OpenGL 1.1 driver.</li></ul>', 'recommended': '<strong>Recommended:</strong><br><ul class=""bb_ul""><li><strong>OS:</strong> Microsoft Windows 10<br></li><li><strong>Processor:</strong> Intel Core series or AMD equivalent<br></li><li><strong>Memory:</strong> 512 MB RAM<br></li><li><strong>Graphics:</strong> Intel: At least Intel HD 4K required for OpenGL, any compliant D3D11 GPU for Direct3D 11. Should support at least Shader Model 3.0 and/or 4.0.<br></li><li><strong>DirectX:</strong> Version 11<br></li><li><strong>Additional Notes:</strong> For OpenGL: Intel HD 2K/3K GPUs on Windows 10 will have to fall back to an OpenGL 1.1 driver.</li></ul>'}","{'minimum': '<strong>Minimum:</strong><br><ul class=""bb_ul""><li><strong>OS:</strong> macOS High Sierra (10.13) or later<br></li><li><strong>Processor:</strong> Intel or ARM architecture<br></li><li><strong>Graphics:</strong> Any compatible Metal2 GPU. Metal 2 is required to use either the Vulkan or Metal video driver.</li></ul>'}","{'minimum': '<strong>Minimum:</strong><br><ul class=""bb_ul""><li><strong>OS:</strong> Linux-based distro<br></li><li><strong>Processor:</strong> Intel Pentium 4 and up (CPU with SSE2 instructions required)<br></li><li><strong>Memory:</strong> 32 MB RAM<br></li><li><strong>Graphics:</strong> Any compliant OpenGL 2.x or Direct3D11 GPU. For shaders to work properly, should support at least Shader Model 2.0.<br></li><li><strong>Storage:</strong> 500 MB available space</li></ul>', 'recommended': '<strong>Recommended:</strong><br><ul class=""bb_ul""><li><strong>OS:</strong> Linux-based distro<br></li><li><strong>Processor:</strong> Intel Core series or AMD equivalent<br></li><li><strong>Memory:</strong> 512 MB RAM<br></li><li><strong>Graphics:</strong> Intel: At least Intel HD 4K required for OpenGL, any compliant D3D11 GPU for Direct3D 11. Should support at least Shader Model 3.0 and/or 4.0.<br></li><li><strong>Storage:</strong> 500 MB available space</li></ul>'}","<strong></strong><br><ul class=""bb_ul""><li><strong>OS *:</strong> Microsoft Windows 7<br></li><li><strong>Processor:</strong> Intel Pentium 4 and up (CPU with SSE2 instructions required)<br></li><li><strong>Memory:</strong> 32 MB RAM<br></li><li><strong>Graphics:</strong> Any compliant OpenGL 2.x or Direct3D11 GPU. For shaders to work properly, should support at least Shader Model 2.0.<br></li><li><strong>DirectX:</strong> Version 11<br></li><li><strong>Additional Notes:</strong> For OpenGL: Intel HD 2K/3K GPUs on Windows 10 will have to fall back to an OpenGL 1.1 driver.</li></ul>","<strong></strong><br><ul class=""bb_ul""><li><strong>OS:</strong> Microsoft Windows 10<br></li><li><strong>Processor:</strong> Intel Core series or AMD equivalent<br></li><li><strong>Memory:</strong> 512 MB RAM<br></li><li><strong>Graphics:</strong> Intel: At least Intel HD 4K required for OpenGL, any compliant D3D11 GPU for Direct3D 11. Should support at least Shader Model 3.0 and/or 4.0.<br></li><li><strong>DirectX:</strong> Version 11<br></li><li><strong>Additional Notes:</strong> For OpenGL: Intel HD 2K/3K GPUs on Windows 10 will have to fall back to an OpenGL 1.1 driver.</li></ul>"
384490,"{'minimum': '<strong>Minimum:</strong><br><ul class=""bb_ul""><li><strong>OS *:</strong> Windows 7 or Higher<br></li><li><strong>Processor:</strong> Intel Pentium Core 2 Duo E8500 3.17GHz or AMD Phenom II X2 555 3.2GHz<br></li><li><strong>Memory:</strong> 4 GB RAM<br></li><li><strong>Graphics:</strong> NVIDIA GeForce 630 GT or AMD Radeon HD 6670<br></li><li><strong>DirectX:</strong> Version 9.0c<br></li><li><strong>Network:</strong> Broadband Internet connection<br></li><li><strong>Storage:</strong> 5 GB available space<br></li><li><strong>Sound Card:</strong> DirectX 9 sound device</li></ul>', 'recommended': '<strong>Recommended:</strong><br><ul class=""bb_ul""><li><strong>OS *:</strong> Windows 7 or Higher<br></li><li><strong>Processor:</strong> Intel Pentium Core i3 2100 3.10GHz or AMD A8 3870K 3.0GHz<br></li><li><strong>Memory:</strong> 8 GB RAM<br></li><li><strong>Graphics:</strong> NVIDIA GeForce GTX 750ti or AMD Radeon HD 7900 Series<br></li><li><strong>DirectX:</strong> Version 12<br></li><li><strong>Network:</strong> Broadband Internet connection<br></li><li><strong>Storage:</strong> 10 GB available space<br></li><li><strong>Sound Card:</strong> DirectX 9 sound device<br></li><li><strong>Additional Notes:</strong> Microsoft Xbox 360 Controller for Windows (or equivalent) or Steam controller</li></ul>'}","{'minimum': '<strong>Minimum:</strong><br><ul class=""bb_ul""><li><strong>OS:</strong> OS X Mavericks<br></li><li><strong>Processor:</strong> Intel 2.0 Ghz<br></li><li><strong>Memory:</strong> 4 GB RAM<br></li><li><strong>Network:</strong> Broadband Internet connection<br></li><li><strong>Storage:</strong> 5 GB available space<br></li><li><strong>Sound Card:</strong> On Board Audio</li></ul>', 'recommended': '<strong>Recommended:</strong><br><ul class=""bb_ul""><li><strong>OS:</strong> OS X El Capitan<br></li><li><strong>Processor:</strong> Intel 2.5 Ghz<br></li><li><strong>Memory:</strong> 8 GB RAM<br></li><li><strong>Network:</strong> Broadband Internet connection<br></li><li><strong>Storage:</strong> 10 GB available space<br></li><li><strong>Sound Card:</strong> On Board Audio</li></ul>'}","{'minimum': '<strong>Minimum:</strong><br><ul class=""bb_ul""><li><strong>Processor:</strong> Intel 2.0 Ghz; AMD 2.5 Ghz<br></li><li><strong>Memory:</strong> 8 GB RAM<br></li><li><strong>Graphics:</strong> NVIDIA GeForce 210; Intel HD Graphics 3000; AMD Radeon HD 4650<br></li><li><strong>Network:</strong> Broadband Internet connection<br></li><li><strong>Storage:</strong> 15 GB available space<br></li><li><strong>Sound Card:</strong> On Board Audio</li></ul>', 'recommended': '<strong>Recommended:</strong><br><ul class=""bb_ul""><li><strong>Processor:</strong> Intel: 2.5 Ghz; AMD 3.5 Ghz<br></li><li><strong>Memory:</strong> 16 GB RAM<br></li><li><strong>Graphics:</strong> NVIDIA GeForce GTX 750Ti; Intel HD Graphics 4000; AMD Radeon HD 7900 Series<br></li><li><strong>Network:</strong> Broadband Internet connection<br></li><li><strong>Storage:</strong> 15 GB available space<br></li><li><strong>Sound Card:</strong> On Board Audio</li></ul>'}","<strong></strong><br><ul class=""bb_ul""><li><strong>OS *:</strong> Windows 7 or Higher<br></li><li><strong>Processor:</strong> Intel Pentium Core 2 Duo E8500 3.17GHz or AMD Phenom II X2 555 3.2GHz<br></li><li><strong>Memory:</strong> 4 GB RAM<br></li><li><strong>Graphics:</strong> NVIDIA GeForce 630 GT or AMD Radeon HD 6670<br></li><li><strong>DirectX:</strong> Version 9.0c<br></li><li><strong>Network:</strong> Broadband Internet connection<br></li><li><strong>Storage:</strong> 5 GB available space<br></li><li><strong>Sound Card:</strong> DirectX 9 sound device</li></ul>","<strong></strong><br><ul class=""bb_ul""><li><strong>OS *:</strong> Windows 7 or Higher<br></li><li><strong>Processor:</strong> Intel Pentium Core i3 2100 3.10GHz or AMD A8 3870K 3.0GHz<br></li><li><strong>Memory:</strong> 8 GB RAM<br></li><li><strong>Graphics:</strong> NVIDIA GeForce GTX 750ti or AMD Radeon HD 7900 Series<br></li><li><strong>DirectX:</strong> Version 12<br></li><li><strong>Network:</strong> Broadband Internet connection<br></li><li><strong>Storage:</strong> 10 GB available space<br></li><li><strong>Sound Card:</strong> DirectX 9 sound device<br></li><li><strong>Additional Notes:</strong> Microsoft Xbox 360 Controller for Windows (or equivalent) or Steam controller</li></ul>"
412470,"{'minimum': '<strong>Minimum:</strong><br><ul class=""bb_ul""><li><strong>OS *:</strong> Windows 8 / Windows 7 / Vista / XP SP3<br></li><li><strong>Processor:</strong> Intel Core 2 Duo or AMD Athlon X2 64 3.0 ГГц<br></li><li><strong>Memory:</strong> 2 MB RAM<br></li><li><strong>Graphics:</strong> 512 MB, NVIDIA GeForce 9500GT or ATI Radeon HD 3450<br></li><li><strong>DirectX:</strong> Version 9.0<br></li><li><strong>Network:</strong> Broadband Internet connection<br></li><li><strong>Storage:</strong> 4800 MB available space</li></ul>', 'recommended': '<strong>Recommended:</strong><br><ul class=""bb_ul""><li><strong>OS *:</strong> Windows 8 / Windows 7 / Vista / XP SP3<br></li><li><strong>Processor:</strong> Intel Core i5-760 или AMD Phenom II X4 965<br></li><li><strong>Memory:</strong> 4 GB RAM<br></li><li><strong>Graphics:</strong> 1024 MB, NVIDIA GeForce GTX 470 or ATI Radeon HD 5870<br></li><li><strong>DirectX:</strong> Version 9.0c<br></li><li><strong>Network:</strong> Broadband Internet connection<br></li><li><strong>Storage:</strong> 4800 MB available space</li></ul>'}",[],[],"<strong></strong><br><ul class=""bb_ul""><li><strong>OS *:</strong> Windows 8 / Windows 7 / Vista / XP SP3<br></li><li><strong>Processor:</strong> Intel Core 2 Duo or AMD Athlon X2 64 3.0 ГГц<br></li><li><strong>Memory:</strong> 2 MB RAM<br></li><li><strong>Graphics:</strong> 512 MB, NVIDIA GeForce 9500GT or ATI Radeon HD 3450<br></li><li><strong>DirectX:</strong> Version 9.0<br></li><li><strong>Network:</strong> Broadband Internet connection<br></li><li><strong>Storage:</strong> 4800 MB available space</li></ul>","<strong></strong><br><ul class=""bb_ul""><li><strong>OS *:</strong> Windows 8 / Windows 7 / Vista / XP SP3<br></li><li><strong>Processor:</strong> Intel Core i5-760 или AMD Phenom II X4 965<br></li><li><strong>Memory:</strong> 4 GB RAM<br></li><li><strong>Graphics:</strong> 1024 MB, NVIDIA GeForce GTX 470 or ATI Radeon HD 5870<br></li><li><strong>DirectX:</strong> Version 9.0c<br></li><li><strong>Network:</strong> Broadband Internet connection<br></li><li><strong>Storage:</strong> 4800 MB available space</li></ul>"
1204050,"{'minimum': '<strong>Minimum:</strong><br><ul class=""bb_ul""><li>Requires a 64-bit processor and operating system<br></li><li><strong>OS:</strong> Windows 10<br></li><li><strong>Processor:</strong> Intel or AMD dual-core<br></li><li><strong>Memory:</strong> 4 GB RAM<br></li><li><strong>Graphics:</strong> Integrated Intel or AMD<br></li><li><strong>Storage:</strong> 100 MB available space</li></ul>', 'recommended': '<strong>Recommended:</strong><br><ul class=""bb_ul""><li>Requires a 64-bit processor and operating system<br></li><li><strong>OS:</strong> Windows 11<br></li><li><strong>Processor:</strong> Intel or AMD quad-core<br></li><li><strong>Memory:</strong> 8 GB RAM<br></li><li><strong>Graphics:</strong> Discrete Nvidia or AMD<br></li><li><strong>Network:</strong> Broadband Internet connection<br></li><li><strong>Storage:</strong> 100 MB available space</li></ul>'}","{'minimum': '<strong>Minimum:</strong><br><ul class=""bb_ul""><li><strong>OS:</strong> macOS 13 Ventura<br></li><li><strong>Processor:</strong> Intel Core i3 or M1<br></li><li><strong>Memory:</strong> 4 GB RAM<br></li><li><strong>Storage:</strong> 100 MB available space</li></ul>', 'recommended': '<strong>Recommended:</strong><br><ul class=""bb_ul""><li><strong>OS:</strong> macOS 13 Ventura<br></li><li><strong>Processor:</strong> Intel Core i5 or M1<br></li><li><strong>Memory:</strong> 8 GB RAM<br></li><li><strong>Storage:</strong> 100 MB available space</li></ul>'}","{'minimum': '<strong>Minimum:</strong><br><ul class=""bb_ul""></ul>', 'recommended': '<strong>Recommended:</strong><br><ul class=""bb_ul""></ul>'}","<strong></strong><br><ul class=""bb_ul""><li>Requires a 64-bit processor and operating system<br></li><li><strong>OS:</strong> Windows 10<br></li><li><strong>Processor:</strong> Intel or AMD dual-core<br></li><li><strong>Memory:</strong> 4 GB RAM<br></li><li><strong>Graphics:</strong> Integrated Intel or AMD<br></li><li><strong>Storage:</strong> 100 MB available space</li></ul>","<strong></strong><br><ul class=""bb_ul""><li>Requires a 64-bit processor and operating system<br></li><li><strong>OS:</strong> Windows 11<br></li><li><strong>Processor:</strong> Intel or AMD quad-core<br></li><li><strong>Memory:</strong> 8 GB RAM<br></li><li><strong>Graphics:</strong> Discrete Nvidia or AMD<br></li><li><strong>Network:</strong> Broadband Internet connection<br></li><li><strong>Storage:</strong> 100 MB available space</li></ul>"
1293160,"{'minimum': '<strong>Minimum:</strong><br><ul class=""bb_ul""><li>Requires a 64-bit processor and operating system<br></li><li><strong>OS:</strong> Windows 10 (64bit version only)<br></li><li><strong>Processor:</strong> Intel® Core™ i5-6600 / AMD Ryzen™ 5 2500X<br></li><li><strong>Memory:</strong> 8 GB RAM<br></li><li><strong>Graphics:</strong> @1080p NVIDIA GEFORCE® GTX 1650 Super or GTX 1060 / Radeon™ R9 390X<br></li><li><strong>DirectX:</strong> Version 11<br></li><li><strong>Storage:</strong> 55 GB available space<br></li><li><strong>Sound Card:</strong> DirectX compatible, headphones recommended</li></ul>', 'recommended': '<strong>Recommended:</strong><br><ul class=""bb_ul""><li>Requires a 64-bit processor and operating system<br></li><li><strong>OS:</strong> Windows 10 (64bit version only)<br></li><li><strong>Processor:</strong> Intel® Core™ i5-9600 / AMD Ryzen™ 7 3700X<br></li><li><strong>Memory:</strong> 16 GB RAM<br></li><li><strong>Graphics:</strong> @1080p NVIDIA GeForce® GTX 1660 Super / Radeon™ RX 5600XT | @4K NVIDIA GeForce® RTX 2080 or RTX 3060 Ti / Radeon™ RX 6800<br></li><li><strong>DirectX:</strong> Version 12<br></li><li><strong>Storage:</strong> 55 GB available space<br></li><li><strong>Sound Card:</strong> DirectX compatible, headphones recommended</li></ul>'}","{'minimum': '<strong>Minimum:</strong><br><ul class=""bb_ul""><li>Requires an Apple processor<br></li><li><strong>OS:</strong> macOS Ventura 13.0 or newer<br></li><li><strong>Processor:</strong> Devices with Apple Silicon<br></li><li><strong>Storage:</strong> 55 GB available space</li></ul>', 'recommended': '<strong>Recommended:</strong><br><ul class=""bb_ul""><li>Requires an Apple processor<br></li><li><strong>OS:</strong> macOS Ventura 13.0 or newer<br></li><li><strong>Processor:</strong> Devices with Apple Silicon<br></li><li><strong>Storage:</strong> 55 GB available space</li></ul>'}","{'minimum': '<strong>Minimum:</strong><br><ul class=""bb_ul""></ul>', 'recommended': '<strong>Recommended:</strong><br><ul class=""bb_ul""></ul>'}","<strong></strong><br><ul class=""bb_ul""><li>Requires a 64-bit processor and operating system<br></li><li><strong>OS:</strong> Windows 10 (64bit version only)<br></li><li><strong>Processor:</strong> Intel® Core™ i5-6600 / AMD Ryzen™ 5 2500X<br></li><li><strong>Memory:</strong> 8 GB RAM<br></li><li><strong>Graphics:</strong> @1080p NVIDIA GEFORCE® GTX 1650 Super or GTX 1060 / Radeon™ R9 390X<br></li><li><strong>DirectX:</strong> Version 11<br></li><li><strong>Storage:</strong> 55 GB available space<br></li><li><strong>Sound Card:</strong> DirectX compatible, headphones recommended</li></ul>","<strong></strong><br><ul class=""bb_ul""><li>Requires a 64-bit processor and operating system<br></li><li><strong>OS:</strong> Windows 10 (64bit version only)<br></li><li><strong>Processor:</strong> Intel® Core™ i5-9600 / AMD Ryzen™ 7 3700X<br></li><li><strong>Memory:</strong> 16 GB RAM<br></li><li><strong>Graphics:</strong> @1080p NVIDIA GeForce® GTX 1660 Super / Radeon™ RX 5600XT | @4K NVIDIA GeForce® RTX 2080 or RTX 3060 Ti / Radeon™ RX 6800<br></li><li><strong>DirectX:</strong> Version 12<br></li><li><strong>Storage:</strong> 55 GB available space<br></li><li><strong>Sound Card:</strong> DirectX compatible, headphones recommended</li></ul>"
1307890,"{'minimum': '<strong>Minimum:</strong><br><ul class=""bb_ul""><li>Requires a 64-bit processor and operating system<br></li><li><strong>OS:</strong> Windows 10 (64-Bit)<br></li><li><strong>Processor:</strong> Intel Core I5-2500K (3.30 GHz 4-Cores) or equivalent AMD-Hardware<br></li><li><strong>Memory:</strong> 8 GB RAM<br></li><li><strong>Graphics:</strong> Dedicated graphics card, GTX 750 Ti 2GB<br></li><li><strong>DirectX:</strong> Version 11<br></li><li><strong>Storage:</strong> 5 GB available space<br></li><li><strong>Additional Notes:</strong> GPU must support Shader Model 5.0</li></ul>', 'recommended': '<strong>Recommended:</strong><br><ul class=""bb_ul""><li>Requires a 64-bit processor and operating system<br></li><li><strong>OS:</strong> Windows 10 (64-Bit)<br></li><li><strong>Processor:</strong> Intel Core i7-7700k (4.2GHz 4 Cores) or equivalent AMD-Hardware<br></li><li><strong>Memory:</strong> 8 GB RAM<br></li><li><strong>Graphics:</strong> Dedicated graphics card, GTX 1660 6GB<br></li><li><strong>DirectX:</strong> Version 11<br></li><li><strong>Storage:</strong> 10 GB available space<br></li><li><strong>Additional Notes:</strong> GPU must support Shader Model 5.0</li></ul>'}","{'minimum': '<strong>Minimum:</strong><br><ul class=""bb_ul""></ul>', 'recommended': '<strong>Recommended:</strong><br><ul class=""bb_ul""></ul>'}","{'minimum': '<strong>Minimum:</strong><br><ul class=""bb_ul""></ul>', 'recommended': '<strong>Recommended:</strong><br><ul class=""bb_ul""></ul>'}","<strong></strong><br><ul class=""bb_ul""><li>Requires a 64-bit processor and operating system<br></li><li><strong>OS:</strong> Windows 10 (64-Bit)<br></li><li><strong>Processor:</strong> Intel Core I5-2500K (3.30 GHz 4-Cores) or equivalent AMD-Hardware<br></li><li><strong>Memory:</strong> 8 GB RAM<br></li><li><strong>Graphics:</strong> Dedicated graphics card, GTX 750 Ti 2GB<br></li><li><strong>DirectX:</strong> Version 11<br></li><li><strong>Storage:</strong> 5 GB available space<br></li><li><strong>Additional Notes:</strong> GPU must support Shader Model 5.0</li></ul>","<strong></strong><br><ul class=""bb_ul""><li>Requires a 64-bit processor and operating system<br></li><li><strong>OS:</strong> Windows 10 (64-Bit)<br></li><li><strong>Processor:</strong> Intel Core i7-7700k (4.2GHz 4 Cores) or equivalent AMD-Hardware<br></li><li><strong>Memory:</strong> 8 GB RAM<br></li><li><strong>Graphics:</strong> Dedicated graphics card, GTX 1660 6GB<br></li><li><strong>DirectX:</strong> Version 11<br></li><li><strong>Storage:</strong> 10 GB available space<br></li><li><strong>Additional Notes:</strong> GPU must support Shader Model 5.0</li></ul>"
223330,"{'minimum': '<strong>Minimum:</strong><br><ul class=""bb_ul""><li><strong>OS:</strong>XP<br>\t</li><li><strong>Processor:</strong> Intel Pentium IV or AMD Athlon 2.0 GHz<br>\t</li><li><strong>Memory:</strong>1024 MB RAM<br>\t</li><li><strong>Graphics:</strong>128 mb video card<br>\t</li><li><strong>DirectX®:</strong>9.0<br>\t</li><li><strong>Hard Drive:</strong>12 GB HD space<br>\t</li><li><strong>Additional:</strong> V-Sync must be enabled</li></ul>'}",[],[],"<strong></strong><br><ul class=""bb_ul""><li><strong>OS:</strong>XP<br>	</li><li><strong>Processor:</strong> Intel Pentium IV or AMD Athlon 2.0 GHz<br>	</li><li><strong>Memory:</strong>1024 MB RAM<br>	</li><li><strong>Graphics:</strong>128 mb video card<br>	</li><li><strong>DirectX®:</strong>9.0<br>	</li><li><strong>Hard Drive:</strong>12 GB HD space<br>	</li><li><strong>Additional:</strong> V-Sync must be enabled</li></ul>",
61500,"{'minimum': '<ul class=""bb_ul""><li><strong>OS:</strong> Windows<br>\t\t\t\t\t\t\t\t</li><li><strong>Processor:</strong> Intel Pentium 166+ CPU<br>\t\t\t\t\t\t\t\t</li><li><strong>Memory:</strong> 32MB RAM<br>\t\t\t\t\t\t\t\t</li><li><strong>Graphics:</strong> DirectX compatible graphic card<br>\t\t\t\t\t\t\t\t</li><li><strong>Hard Drive:</strong> 350MB hard disk<br>\t\t\t\t\t\t\t </li></ul>'}",[],[],"<ul class=""bb_ul""><li><strong>OS:</strong> Windows<br>								</li><li><strong>Processor:</strong> Intel Pentium 166+ CPU<br>								</li><li><strong>Memory:</strong> 32MB RAM<br>								</li><li><strong>Graphics:</strong> DirectX compatible graphic card<br>								</li><li><strong>Hard Drive:</strong> 350MB hard disk<br>							 </li></ul>",
241620,"{'minimum': '<strong>Minimum:</strong><br><ul class=""bb_ul""><li><strong>OS *:</strong> Windows XP/Vista/7/8<br></li><li><strong>Processor:</strong> Single Core 1.6 GHz<br></li><li><strong>Memory:</strong> 512 MB RAM<br></li><li><strong>Graphics:</strong> 3D graphics card supporting DirectX with 64 MB of memory<br></li><li><strong>Storage:</strong> 2300 MB available space<br></li><li><strong>Sound Card:</strong> A compatible sound card</li></ul>', 'recommended': '<strong>Recommended:</strong><br><ul class=""bb_ul""><li><strong>OS *:</strong> Windows XP/Vista/7/8<br></li><li><strong>Processor:</strong> Dual Core 2 GHz<br></li><li><strong>Memory:</strong> 1 GB RAM<br></li><li><strong>Graphics:</strong> 3D graphics card supporting DirectX with 256 MB of memory<br></li><li><strong>Storage:</strong> 2300 MB available space<br></li><li><strong>Sound Card:</strong> A compatible sound card</li></ul>'}",[],[],"<strong></strong><br><ul class=""bb_ul""><li><strong>OS *:</strong> Windows XP/Vista/7/8<br></li><li><strong>Processor:</strong> Single Core 1.6 GHz<br></li><li><strong>Memory:</strong> 512 MB RAM<br></li><li><strong>Graphics:</strong> 3D graphics card supporting DirectX with 64 MB of memory<br></li><li><strong>Storage:</strong> 2300 MB available space<br></li><li><strong>Sound Card:</strong> A compatible sound card</li></ul>","<strong></strong><br><ul class=""bb_ul""><li><strong>OS *:</strong> Windows XP/Vista/7/8<br></li><li><strong>Processor:</strong> Dual Core 2 GHz<br></li><li><strong>Memory:</strong> 1 GB RAM<br></li><li><strong>Graphics:</strong> 3D graphics card supporting DirectX with 256 MB of memory<br></li><li><strong>Storage:</strong> 2300 MB available space<br></li><li><strong>Sound Card:</strong> A compatible sound card</li></ul>"
48110,"{'minimum': '<ul class=""bb_ul""><li><strong>OS *:</strong> Windows® XP (Service Pack 3), Windows Vista® (Service Pack 2)<br>\t\t\t\t\t\t\t\t\t</li><li><strong>Processor:</strong> Intel® Core™2 Duo E4400 2 GHz / AMD Athlon™ 64 X2 4000+ 2.1 GHz or higher (Intel Core™2 Quad Q6600 2.4 GHz / AMD Athlon 64 X2 5200+ 2.6 GHz or higher recommended)<br>\t\t\t\t\t\t\t\t\t</li><li><strong>Memory:</strong> 1 GB (Windows XP) / 2 GB (Windows Vista) (2 GB recommended)<br>\t\t\t\t\t\t\t\t\t</li><li><strong>Graphics:</strong> 512 MB DirectX® 9.0c-compliant video card(*see supported list)<br>\t\t\t\t\t\t\t\t\t</li><li><strong>DirectX®:</strong> <br>\t\t\t\t\t\t\t\t\t</li><li><strong>Hard Drive:</strong> 10 GB (15 GB recommended)<br>\t\t\t\t\t\t\t\t\t</li><li><strong>Sound:</strong> DirectX 9.0c-compliant sound card<br>\t\t\t\t\t\t\t\t\t</li><li><strong>Peripherals Supported:</strong> Windows-compliant mouse, keyboard<br>\t\t\t\t\t\t\t\t\t</li><li><strong>Internet Connection: </strong> 256 kbps Broadband connection (512 kbps connection or better recommended)<br>\t\t\t\t\t\t\t\t</li></ul>Supported Video Cards at Time of Release:<br><br>\t\t\t\t\t\t\t\tNVIDIA GeForce 8800GT / 9 / GTX 200 series<br><br>\t\t\t\t\t\t\t\tATI Radeon HD 2600 / HD 3000 / HD 4000 / HD 5000 series<br><br>\t\t\t\t\t\t\t\tNVIDIA SLI &amp; ATI Crossfire<br>Originally released for Windows 7, the game can be played on Windows 10 and Windows 11 OS'}",[],[],"<ul class=""bb_ul""><li><strong>OS *:</strong> Windows® XP (Service Pack 3), Windows Vista® (Service Pack 2)<br>									</li><li><strong>Processor:</strong> Intel® Core™2 Duo E4400 2 GHz / AMD Athlon™ 64 X2 4000+ 2.1 GHz or higher (Intel Core™2 Quad Q6600 2.4 GHz / AMD Athlon 64 X2 5200+ 2.6 GHz or higher recommended)<br>									</li><li><strong>Memory:</strong> 1 GB (Windows XP) / 2 GB (Windows Vista) (2 GB recommended)<br>									</li><li><strong>Graphics:</strong> 512 MB DirectX® 9.0c-compliant video card(*see supported list)<br>									</li><li><strong>DirectX®:</strong> <br>									</li><li><strong>Hard Drive:</strong> 10 GB (15 GB recommended)<br>									</li><li><strong>Sound:</strong> DirectX 9.0c-compliant sound card<br>									</li><li><strong>Peripherals Supported:</strong> Windows-compliant mouse, keyboard<br>									</li><li><strong>Internet Connection: </strong> 256 kbps Broadband connection (512 kbps connection or better recommended)<br>								</li></ul>Supported Video Cards at Time of Release:<br><br>								NVIDIA GeForce 8800GT / 9 / GTX 200 series<br><br>								ATI Radeon HD 2600 / HD 3000 / HD 4000 / HD 5000 series<br><br>								NVIDIA SLI &amp; ATI Crossfire<br>Originally released for Windows 7, the game can be played on Windows 10 and Windows 11 OS",
330390,"{'minimum': '<strong>Minimum:</strong><br><ul class=""bb_ul""><li><strong>OS *:</strong> Windows 7 (64-bit Version)<br></li><li><strong>Processor:</strong> Intel Core2 Duo E6700<br></li><li><strong>Memory:</strong> 4 GB RAM<br></li><li><strong>Graphics:</strong> Nvidia GeForce GT 240<br></li><li><strong>DirectX:</strong> Version 11<br></li><li><strong>Storage:</strong> 4 GB available space</li></ul>', 'recommended': '<strong>Recommended:</strong><br><ul class=""bb_ul""><li><strong>OS:</strong> Windows 10 (64-bit Version)<br></li><li><strong>Processor:</strong> Intel Pentium G4500<br></li><li><strong>Memory:</strong> 4 GB RAM<br></li><li><strong>Graphics:</strong> AMD Radeon HD 7570<br></li><li><strong>DirectX:</strong> Version 12<br></li><li><strong>Storage:</strong> 4 GB available space</li></ul>'}",[],[],"<strong></strong><br><ul class=""bb_ul""><li><strong>OS *:</strong> Windows 7 (64-bit Version)<br></li><li><strong>Processor:</strong> Intel Core2 Duo E6700<br></li><li><strong>Memory:</strong> 4 GB RAM<br></li><li><strong>Graphics:</strong> Nvidia GeForce GT 240<br></li><li><strong>DirectX:</strong> Version 11<br></li><li><strong>Storage:</strong> 4 GB available space</li></ul>","<strong></strong><br><ul class=""bb_ul""><li><strong>OS:</strong> Windows 10 (64-bit Version)<br></li><li><strong>Processor:</strong> Intel Pentium G4500<br></li><li><strong>Memory:</strong> 4 GB RAM<br></li><li><strong>Graphics:</strong> AMD Radeon HD 7570<br></li><li><strong>DirectX:</strong> Version 12<br></li><li><strong>Storage:</strong> 4 GB available space</li></ul>"
635320,"{'minimum': '<strong>Minimum:</strong><br><ul class=""bb_ul""><li>Requires a 64-bit processor and operating system<br></li><li><strong>OS *:</strong> Windows 7/8 (64-bit OS required)<br></li><li><strong>Processor:</strong> Intel Core i3 / AMD A6 @ 3.0GHz or higher<br></li><li><strong>Memory:</strong> 4 GB RAM<br></li><li><strong>Graphics:</strong> Nvidia GeForce 750Ti / AMD Radeon R9 270x or better<br></li><li><strong>DirectX:</strong> Version 11<br></li><li><strong>Storage:</strong> 3 GB available space<br></li><li><strong>Sound Card:</strong> 100% DirectX 9.0c compatible sound card</li></ul>', 'recommended': '<strong>Recommended:</strong><br><ul class=""bb_ul""><li>Requires a 64-bit processor and operating system<br></li><li><strong>OS:</strong> Windows 10 (64-bit OS required)<br></li><li><strong>Processor:</strong> Intel Core i5 6400 or AMD A10 @ 2.7 GHz or higher<br></li><li><strong>Memory:</strong> 8 GB RAM<br></li><li><strong>Graphics:</strong> Nvidia GeForce GTX 970 / AMD R9 290 or better<br></li><li><strong>DirectX:</strong> Version 11<br></li><li><strong>Storage:</strong> 3 GB available space<br></li><li><strong>Sound Card:</strong> 100% DirectX 9.0c compatible sound card</li></ul>'}","{'minimum': '<strong>Minimum:</strong><br><ul class=""bb_ul""></ul>', 'recommended': '<strong>Recommended:</strong><br><ul class=""bb_ul""></ul>'}","{'minimum': '<strong>Minimum:</strong><br><ul class=""bb_ul""></ul>', 'recommended': '<strong>Recommended:</strong><br><ul class=""bb_ul""></ul>'}","<strong></strong><br><ul class=""bb_ul""><li>Requires a 64-bit processor and operating system<br></li><li><strong>OS *:</strong> Windows 7/8 (64-bit OS required)<br></li><li><strong>Processor:</strong> Intel Core i3 / AMD A6 @ 3.0GHz or higher<br></li><li><strong>Memory:</strong> 4 GB RAM<br></li><li><strong>Graphics:</strong> Nvidia GeForce 750Ti / AMD Radeon R9 270x or better<br></li><li><strong>DirectX:</strong> Version 11<br></li><li><strong>Storage:</strong> 3 GB available space<br></li><li><strong>Sound Card:</strong> 100% DirectX 9.0c compatible sound card</li></ul>","<strong></strong><br><ul class=""bb_ul""><li>Requires a 64-bit processor and operating system<br></li><li><strong>OS:</strong> Windows 10 (64-bit OS required)<br></li><li><strong>Processor:</strong> Intel Core i5 6400 or AMD A10 @ 2.7 GHz or higher<br></li><li><strong>Memory:</strong> 8 GB RAM<br></li><li><strong>Graphics:</strong> Nvidia GeForce GTX 970 / AMD R9 290 or better<br></li><li><strong>DirectX:</strong> Version 11<br></li><li><strong>Storage:</strong> 3 GB available space<br></li><li><strong>Sound Card:</strong> 100% DirectX 9.0c compatible sound card</li></ul>"
1175460,"{'minimum': '<strong>Minimum:</strong><br><ul class=""bb_ul""><li><strong>OS:</strong> Windows 10 (version 1607 or better)<br></li><li><strong>Processor:</strong> 64bit 1.5 GHz CPU<br></li><li><strong>Memory:</strong> 2048 MB RAM<br></li><li><strong>Graphics:</strong> DirectX® 10 compliant graphics card and driver<br></li><li><strong>DirectX:</strong> Version 10<br></li><li><strong>Storage:</strong> 250 MB available space<br></li><li><strong>Sound Card:</strong> TBA<br></li><li><strong>Additional Notes:</strong> TBA</li></ul>'}",[],[],"<strong></strong><br><ul class=""bb_ul""><li><strong>OS:</strong> Windows 10 (version 1607 or better)<br></li><li><strong>Processor:</strong> 64bit 1.5 GHz CPU<br></li><li><strong>Memory:</strong> 2048 MB RAM<br></li><li><strong>Graphics:</strong> DirectX® 10 compliant graphics card and driver<br></li><li><strong>DirectX:</strong> Version 10<br></li><li><strong>Storage:</strong> 250 MB available space<br></li><li><strong>Sound Card:</strong> TBA<br></li><li><strong>Additional Notes:</strong> TBA</li></ul>",
55000,"{'minimum': '<ul class=""bb_ul""><li><strong>Operating system:  </strong> Windows XP or newer<br></li><li><strong>Processor:  </strong> 1GHz<br></li><li><strong>Memory:  </strong> 1GB<br></li><li><strong>Hard disk space:  </strong> 50MB<br></li><li><strong>Video:  </strong> OpenGL 3.0 or above</li></ul>'}","{'minimum': '<ul class=""bb_ul""><li><strong>Operating system:  </strong> 10.9.5 Mavericks or newer<br></li><li><strong>Processor:  </strong> 1GHz<br></li><li><strong>Memory:  </strong> 1GB<br></li><li><strong>Hard disk space:  </strong> 50MB<br></li><li><strong>Video:  </strong> OpenGL 3.0 or above</li></ul>'}","{'minimum': '<ul class=""bb_ul""><li><strong>Operating system:  </strong> glibc 2.17+, 32/64-bit<br></li><li><strong>Processor:  </strong> 1GHz<br></li><li><strong>Memory:  </strong> 1GB<br></li><li><strong>Hard disk space:  </strong> 50MB<br></li><li><strong>Video:  </strong> OpenGL 3.0 or above</li></ul>'}","<ul class=""bb_ul""><li><strong>Operating system:  </strong> Windows XP or newer<br></li><li><strong>Processor:  </strong> 1GHz<br></li><li><strong>Memory:  </strong> 1GB<br></li><li><strong>Hard disk space:  </strong> 50MB<br></li><li><strong>Video:  </strong> OpenGL 3.0 or above</li></ul>",
61520,"{'minimum': '<ul class=""bb_ul""><li><strong>OS:</strong> Windows 95 or later<br>\t\t\t\t\t\t\t\t</li><li><strong>Processor:</strong> Intel Pentium 300+ CPU<br>\t\t\t\t\t\t\t\t</li><li><strong>Memory:</strong> 64MB RAM<br>\t\t\t\t\t\t\t\t</li><li><strong>Graphics:</strong> DirectX compatible graphic card<br>\t\t\t\t\t\t\t\t</li><li><strong>Hard Drive:</strong> 500MB hard disk<br>\t\t\t\t\t\t\t\t</li></ul>'}",[],[],"<ul class=""bb_ul""><li><strong>OS:</strong> Windows 95 or later<br>								</li><li><strong>Processor:</strong> Intel Pentium 300+ CPU<br>								</li><li><strong>Memory:</strong> 64MB RAM<br>								</li><li><strong>Graphics:</strong> DirectX compatible graphic card<br>								</li><li><strong>Hard Drive:</strong> 500MB hard disk<br>								</li></ul>",
307580,"{'minimum': '<strong>Minimum:</strong><br><ul class=""bb_ul""><li><strong>OS:</strong> Windows ME or higher<br></li><li><strong>Processor:</strong> Pentium or higher<br></li><li><strong>Memory:</strong> 64 MB RAM<br></li><li><strong>Graphics:</strong> 640x400, 32-bit colour: 700 Mhz system minimum<br></li><li><strong>DirectX:</strong> Version 5.2<br></li><li><strong>Storage:</strong> 3 GB available space<br></li><li><strong>Sound Card:</strong> All DirectX-compatible sound cards</li></ul>', 'recommended': '<strong>Recommended:</strong><br><ul class=""bb_ul""><li><strong>OS:</strong> Windows ME or higher<br></li><li><strong>Processor:</strong> Pentium or higher<br></li><li><strong>Memory:</strong> 64 MB RAM<br></li><li><strong>Graphics:</strong> 640x400, 32-bit colour: 700 Mhz system minimum<br></li><li><strong>DirectX:</strong> Version 5.2<br></li><li><strong>Storage:</strong> 3 GB available space<br></li><li><strong>Sound Card:</strong> All DirectX-compatible sound cards</li></ul>'}","{'minimum': '<strong>Minimum:</strong><br><ul class=""bb_ul""><li><strong>OS:</strong> 10.11<br></li><li><strong>Memory:</strong> 1 GB RAM<br></li><li><strong>Graphics:</strong> 640x360, 1.8 Ghz system<br></li><li><strong>Storage:</strong> 2 GB available space</li></ul>'}","{'minimum': '<strong>Minimum:</strong><br><ul class=""bb_ul""><li><strong>OS:</strong> Ubuntu, Debian - (64 bit/32 bit)<br></li><li><strong>Processor:</strong> 2.7 GHz Dual Core (and above, can run on single core)<br></li><li><strong>Memory:</strong> 1 GB RAM<br></li><li><strong>Graphics:</strong> OpenGL<br></li><li><strong>Storage:</strong> 2 GB available space<br></li><li><strong>Sound Card:</strong> Alsa/PulseAudio/DSP</li></ul>'}","<strong></strong><br><ul class=""bb_ul""><li><strong>OS:</strong> Windows ME or higher<br></li><li><strong>Processor:</strong> Pentium or higher<br></li><li><strong>Memory:</strong> 64 MB RAM<br></li><li><strong>Graphics:</strong> 640x400, 32-bit colour: 700 Mhz system minimum<br></li><li><strong>DirectX:</strong> Version 5.2<br></li><li><strong>Storage:</strong> 3 GB available space<br></li><li><strong>Sound Card:</strong> All DirectX-compatible sound cards</li></ul>","<strong></strong><br><ul class=""bb_ul""><li><strong>OS:</strong> Windows ME or higher<br></li><li><strong>Processor:</strong> Pentium or higher<br></li><li><strong>Memory:</strong> 64 MB RAM<br></li><li><strong>Graphics:</strong> 640x400, 32-bit colour: 700 Mhz system minimum<br></li><li><strong>DirectX:</strong> Version 5.2<br></li><li><strong>Storage:</strong> 3 GB available space<br></li><li><strong>Sound Card:</strong> All DirectX-compatible sound cards</li></ul>"
577230,"{'minimum': '<strong>Minimum:</strong><br><ul class=""bb_ul""><li><strong>OS:</strong> Windows 7sp1 or Windows 10<br></li><li><strong>Processor:</strong> Intel Core2 Duo E6550 or AMD equivalent or above<br></li><li><strong>Memory:</strong> 2 GB RAM<br></li><li><strong>Graphics:</strong> NVIDIA Geforce GT440（512M）or AMD Radeon equivalent or above<br></li><li><strong>DirectX:</strong> Version 9.0<br></li><li><strong>Network:</strong> Broadband Internet connection<br></li><li><strong>Storage:</strong> 3 GB available space</li></ul>', 'recommended': '<strong>Recommended:</strong><br><ul class=""bb_ul""><li><strong>OS:</strong> Windows 7sp1 or Windows 10<br></li><li><strong>Processor:</strong> I3 or AMD equivalent or above<br></li><li><strong>Memory:</strong> 8 GB RAM<br></li><li><strong>Graphics:</strong> NVIDIA Geforce GTX560se or AMD Radeon equivalent or above<br></li><li><strong>DirectX:</strong> Version 9.0<br></li><li><strong>Network:</strong> Broadband Internet connection<br></li><li><strong>Storage:</strong> 3 GB available space</li></ul>'}","{'minimum': '<strong>Minimum:</strong><br><ul class=""bb_ul""><li><strong>OS:</strong> macOS 10.14.4<br></li><li><strong>Processor:</strong> 2GHz Intel Core i5<br></li><li><strong>Memory:</strong> 4 GB RAM<br></li><li><strong>Graphics:</strong> 2GB Nvidia 680MX, 2GB AMD R9 M290, 1.5GB Intel Iris Graphics 540 or better (see notes for more details)<br></li><li><strong>Storage:</strong> 3 GB available space</li></ul>'}",[],"<strong></strong><br><ul class=""bb_ul""><li><strong>OS:</strong> Windows 7sp1 or Windows 10<br></li><li><strong>Processor:</strong> Intel Core2 Duo E6550 or AMD equivalent or above<br></li><li><strong>Memory:</strong> 2 GB RAM<br></li><li><strong>Graphics:</strong> NVIDIA Geforce GT440（512M）or AMD Radeon equivalent or above<br></li><li><strong>DirectX:</strong> Version 9.0<br></li><li><strong>Network:</strong> Broadband Internet connection<br></li><li><strong>Storage:</strong> 3 GB available space</li></ul>","<strong></strong><br><ul class=""bb_ul""><li><strong>OS:</strong> Windows 7sp1 or Windows 10<br></li><li><strong>Processor:</strong> I3 or AMD equivalent or above<br></li><li><strong>Memory:</strong> 8 GB RAM<br></li><li><strong>Graphics:</strong> NVIDIA Geforce GTX560se or AMD Radeon equivalent or above<br></li><li><strong>DirectX:</strong> Version 9.0<br></li><li><strong>Network:</strong> Broadband Internet connection<br></li><li><strong>Storage:</strong> 3 GB available space</li></ul>"
61510,"{'minimum': '<ul class=""bb_ul""><li><strong>OS:</strong> Windows 95 or later<br>\t\t\t\t\t\t\t\t</li><li><strong>Processor:</strong> Intel Pentium 300+ CPU<br>\t\t\t\t\t\t\t\t</li><li><strong>Memory:</strong> 64MB RAM<br>\t\t\t\t\t\t\t\t</li><li><strong>Graphics:</strong> DirectX compatible graphic card<br>\t\t\t\t\t\t\t\t</li><li><strong>Hard Drive:</strong> 500MB hard disk<br>\t\t\t\t\t\t\t </li></ul>'}",[],[],"<ul class=""bb_ul""><li><strong>OS:</strong> Windows 95 or later<br>								</li><li><strong>Processor:</strong> Intel Pentium 300+ CPU<br>								</li><li><strong>Memory:</strong> 64MB RAM<br>								</li><li><strong>Graphics:</strong> DirectX compatible graphic card<br>								</li><li><strong>Hard Drive:</strong> 500MB hard disk<br>							 </li></ul>",
